id,first_name,last_name,email,gender,country_code,company_name,job_title,departement,years_experience
1,Archaimbaud,Heintze,aheintze0@macromedia.com,Genderqueer,CN,Wikibox,Clinical Specialist,Sales,52
2,Olimpia,Rack,orack1@berkeley.edu,Female,MD,Vinte,Teacher,Research and Development,91
3,Engracia,Jzhakov,ejzhakov2@ebay.co.uk,Genderqueer,PH,Topiczoom,Systems Administrator IV,Training,7
4,Rodge,Rustedge,rrustedge3@artisteer.com,Male,GB,Bubblebox,General Manager,Support,35
5,Gilbert,Whytock,gwhytock4@angelfire.com,Male,BA,Jayo,Associate Professor,Business Development,28
6,Arni,Woodrow,awoodrow5@wisc.edu,Male,SE,Abata,Database Administrator IV,Legal,37
7,Sadella,O'Bradden,sobradden6@bbc.co.uk,Female,RU,Blogspan,Research Assistant I,Legal,97
8,Madelaine,Chillingsworth,mchillingsworth7@ted.com,Female,AZ,Twinte,VP Quality Control,Accounting,51
9,Kipp,Andrewartha,kandrewartha8@ustream.tv,Female,PA,Centimia,Civil Engineer,Marketing,53
10,Harlie,Moresby,hmoresby9@tamu.edu,Female,TL,Muxo,Safety Technician II,Human Resources,88
